Distance,BiasValue
0.0,-0.0
1.0,-0.6595247
2.0,-1.3190494
