Distance,BiasValue
0.0,-0.0
1.0,-0.21537496
2.0,-0.43074992
