Distance,BiasValue
0.0,0.0
1.0,0.6491511
2.0,1.2983022
